nuclide,source,half_life_y,half_life_d
Cs-137,ICRP-107 via radioactivedecay 0.6.1 (dataset icrp107_ame2020_nubase2020),30.1671,11018.29797162
Cs-134,ICRP-107 via radioactivedecay 0.6.1 (dataset icrp107_ame2020_nubase2020),2.0648,754.15209456
Sr-90,ICRP-107 via radioactivedecay 0.6.1 (dataset icrp107_ame2020_nubase2020),28.79,10515.322938000001
Pu-238,ICRP-107 via radioactivedecay 0.6.1 (dataset icrp107_ame2020_nubase2020),87.7,32031.74094
Pu-239,ICRP-107 via radioactivedecay 0.6.1 (dataset icrp107_ame2020_nubase2020),24110.0,8805989.442
Pu-240,ICRP-107 via radioactivedecay 0.6.1 (dataset icrp107_ame2020_nubase2020),6564.0,2397449.8008000003
Pu-241,ICRP-107 via radioactivedecay 0.6.1 (dataset icrp107_ame2020_nubase2020),14.35,5241.2255700000005
Cs-137,mendeleev 1.3.0 isotopes table (unit as stored: year; uncertainty 0.04),30.04,
Cs-134,mendeleev 1.3.0 isotopes table (unit as stored: year; uncertainty 0.0004),2.065,
Sr-90,mendeleev 1.3.0 isotopes table (unit as stored: year; uncertainty 0.03),28.91,
Pu-238,mendeleev 1.3.0 isotopes table (unit as stored: year; uncertainty 0.1),87.7,
Pu-239,mendeleev 1.3.0 isotopes table (unit as stored: kyear; uncertainty 0.03),24110.0,
Pu-240,mendeleev 1.3.0 isotopes table (unit as stored: kyear; uncertainty 0.007),6561.0,
Pu-241,mendeleev 1.3.0 isotopes table (unit as stored: year; uncertainty 0.029),14.329,
Sr-90,IAEA MARIS lookup table dbo_nuclide (marisco 1.9.7),28.8,
Cs-134,IAEA MARIS lookup table dbo_nuclide (marisco 1.9.7),2.07,
Cs-137,IAEA MARIS lookup table dbo_nuclide (marisco 1.9.7),30.17,
Pu-238,IAEA MARIS lookup table dbo_nuclide (marisco 1.9.7),86.4,
Pu-239,IAEA MARIS lookup table dbo_nuclide (marisco 1.9.7),24120.0,
Pu-240,IAEA MARIS lookup table dbo_nuclide (marisco 1.9.7),6550.0,
Pu-241,IAEA MARIS lookup table dbo_nuclide (marisco 1.9.7),14.4,
