areaId,displayName
-1,Not applicable
0,Not available
1,North Atlantic Ocean
2,Baltic Sea
3,Mediterranean Region
4,South Atlantic Ocean
5,Indian Ocean
6,South China & Eastern Archipelagic Seas
7,North Pacific Ocean
8,South Pacific Ocean
9,Arctic Ocean
10,Southern Ocean
18,Arctic Sea
21,"Atlantic, Northwest"
27,"Atlantic, Northeast"
31,"Atlantic, Western Central"
34,"Atlantic, Eastern Central"
37,Mediterranean and Black Sea
41,"Atlantic, Southwest"
47,"Atlantic, Southeast"
48,"Atlantic, Antarctic"
51,"Indian Ocean, Western"
57,"Indian Ocean, Eastern"
58,"Indian Ocean, Antarctic"
61,"Pacific, Northwest"
67,"Pacific, Northeast"
71,"Pacific, Western Central"
77,"Pacific, Eastern Central"
81,"Pacific, Southwest"
87,"Pacific, Southeast"
88,"Pacific, Antarctic"
1904,Indian Ocean
1906,Arctic Ocean
1907,Southern Ocean
1908,North Pacific Ocean
1910,South Pacific Ocean
1912,North Atlantic Ocean
1914,South Atlantic Ocean
2350,North Sea
2351,Celtic Sea
2353,Norwegian Sea
2356,Greenland Sea
2357,Irish Sea
2359,Bay of Biscay
2374,Kattegat
2379,Skagerrak
2389,English Channel
2401,Central Baltic Sea
2402,Gulf of Bothnia
2407,Gulf of Finland
2409,Gulf of Riga
3141,Bristol Channel
3314,Adriatic Sea
3315,Aegean Sea
3319,Black Sea
3320,Sea of Azov
3322,Balearic Sea
3324,Alboran Sea
3346,Strait of Gibraltar
3351,Ionian Sea
3363,Ligurian Sea
3369,Sea of Marmara
3386,Tyrrhenian Sea
4244,East Siberian Sea
4245,Laptev Sea
4246,Kara Sea
4247,Barentsz Sea
4248,White Sea
4250,Davis Strait
4251,Hudson Strait
4252,Hudson Bay
4253,Baffin Bay
4254,Lincoln Sea
4256,Beaufort Sea
4257,Chukchi Sea
4261,Mozambique Channel
4262,Gulf of Suez
4263,Gulf of Aqaba
4264,Red Sea
4265,Gulf of Aden
4266,Persian Gulf
4267,Gulf of Oman
4268,Arabian Sea
4269,Laccadive Sea
4273,Bay of Bengal
4274,Andaman Sea
4275,Malacca Strait
4276,Great Australian Bight
4279,"Mediterranean Sea - Western Basin_x000D_
"
4280,Mediterranean Sea - Eastern Basin
4283,Inner Seas off the West Coast of Scotland
4286,Gulf of Guinea
4287,Caribbean Sea
4288,Gulf of Mexico
4289,Bay of Fundy
4290,Gulf of St. Lawrence
4291,Labrador Sea
4300,Philippine Sea
4302,East China Sea
4303,Yellow Sea
4306,Seto Naikai
4307,Japan Sea
4309,Sea of Okhotsk
4310,Bering Sea
4312,Gulf of Alaska
4313,Coastal Waters of Southeast Alaska and British Columbia
4314,Gulf of California
4325,Rio de La Plata
4332,South China Sea
4334,Gulf of Thailand
4336,Singapore Strait
4338,Jawa Sea
4339,Selat Makasar
4340,Bali Sea
4341,Flores Sea
4343,Sawu Sea
4344,Timor Sea
4347,Arafura Sea
4349,Banda Sea
4350,Teluk Bone
4351,Ceram Sea
4353,Halmahera Sea
4354,Molucca Sea
4355,Teluk Tomini
4358,Sulu Sea
4359,Celebes Sea
4360,Bismarck Sea
4361,Solomon Sea
4364,Coral Sea
4365,Tasman Sea
4366,Bass Strait
5698,Northwestern Passages
9999,Unassigned
