nuclide_id,nuclide,atomicnb,massnb,nusymbol,half_life,hl_unit,nc_name
-1,NOT APPLICABLE,,,,,,NOT APPLICABLE
0,NOT AVAILABLE,0.0,0.0,0,0.0,-,NOT AVAILABLE
1,TRITIUM,1.0,3.0,3H,12.35,Y,h3
2,BERYLLIUM,4.0,7.0,7Be,53.3,D,be7
3,CARBON,6.0,14.0,14C,5730.0,Y,c14
4,POTASSIUM,19.0,40.0,40K,1260000000.0,Y,k40
5,CHROMIUM,24.0,51.0,51Cr,27.7,D,cr51
6,MANGANESE,25.0,54.0,54Mn,312.2,D,mn54
7,COBALT,27.0,57.0,57Co,271.6,D,co57
8,COBALT,27.0,58.0,58Co,70.78,D,co58
9,COBALT,27.0,60.0,60Co,5.27,Y,co60
10,ZINC,30.0,65.0,65Zn,244.0,D,zn65
11,STRONTIUM,38.0,89.0,89Sr,50.5,D,sr89
12,STRONTIUM,38.0,90.0,90Sr,28.8,Y,sr90
13,ZIRCONIUM,40.0,95.0,95Zr,64.0,D,zr95
14,NIOBIUM,41.0,95.0,95Nb,34.97,D,nb95
15,TECHNETIUM,43.0,99.0,99Tc,214000.0,Y,tc99
16,RUTHENIUM,44.0,103.0,103Ru,39.25,D,ru103
17,RUTHENIUM,44.0,106.0,106Ru,366.5,D,ru106
18,RHODIUM,45.0,106.0,106Rh,29.8,S,rh106
19,SILVER,47.0,106.0,106mAg,8.46,D,ag106m
20,SILVER,47.0,108.0,108Ag,2.37,M,ag108
21,SILVER,47.0,108.0,108mAg,127.0,Y,ag108m
22,SILVER,47.0,110.0,110mAg,252.0,D,ag110m
23,ANTIMONY,51.0,124.0,124Sb,60.2,D,sb124
24,ANTIMONY,51.0,125.0,125Sb,2.71,D,sb125
25,TELLURIUM,52.0,129.0,129mTe,33.52,D,te129m
28,IODINE,53.0,129.0,129I,15700000.0,Y,i129
29,IODINE,53.0,131.0,131I,8.04,D,i131
30,CAESIUM,55.0,127.0,127Cs,6.25,H,cs127
31,CAESIUM,55.0,134.0,134Cs,2.07,Y,cs134
33,CAESIUM,55.0,137.0,137Cs,30.17,Y,cs137
34,BARIUM,56.0,140.0,140Ba,12.79,D,ba140
35,LANTHANUM,57.0,140.0,140La,1.68,D,la140
36,CERIUM,58.0,141.0,141Ce,32.55,D,ce141
37,CERIUM,58.0,144.0,144Ce,284.5,D,ce144
38,PROMETHIUM,61.0,147.0,147Pm,2.62,Y,pm147
39,EUROPIUM,63.0,154.0,154Eu,8.5,Y,eu154
40,EUROPIUM,63.0,155.0,155Eu,4.96,Y,eu155
41,LEAD,82.0,210.0,210Pb,22.36,Y,pb210
42,LEAD,82.0,212.0,212Pb,10.64,H,pb212
43,LEAD,82.0,214.0,214Pb,26.8,M,pb214
44,BISMUTH,83.0,207.0,207Bi,37.99,Y,bi207
45,BISMUTH,83.0,211.0,211Bi,129.6,S,bi211
46,BISMUTH,83.0,214.0,214Bi,19.9,M,bi214
47,POLONIUM,84.0,210.0,210Po,138.4,D,po210
48,RADON,86.0,220.0,220Rn,55.6,S,rn220
49,RADON,86.0,222.0,222Rn,3.83,D,rn222
50,RADIUM,88.0,223.0,223Ra,11.43,D,ra223
51,RADIUM,88.0,224.0,224Ra,3.66,D,ra224
52,RADIUM,88.0,225.0,225Ra,14.8,D,ra225
53,RADIUM,88.0,226.0,226Ra,1599.0,Y,ra226
54,RADIUM,88.0,228.0,228Ra,5.77,Y,ra228
55,ACTINIUM,89.0,228.0,228Ac,6.13,H,ac228
56,THORIUM,90.0,227.0,227Th,18.5,D,th227
57,THORIUM,90.0,228.0,228Th,1.91,Y,th228
59,THORIUM,90.0,232.0,232Th,14050000000.0,Y,th232
60,THORIUM,90.0,234.0,234Th,24.1,D,th234
61,PROTACTINIUM,91.0,234.0,234Pa,6.75,H,pa234
62,URANIUM,92.0,234.0,234U,24540.0,Y,u234
63,URANIUM,92.0,235.0,235U,710000000.0,Y,u235
64,URANIUM,92.0,238.0,238U,4468000000.0,Y,u238
65,NEPTUNIUM,93.0,237.0,237Np,2140000.0,Y,np237
66,NEPTUNIUM,93.0,239.0,239Np,2.36,D,np239
67,PLUTONIUM,94.0,238.0,238Pu,86.4,Y,pu238
68,PLUTONIUM,94.0,239.0,239Pu,24120.0,Y,pu239
69,PLUTONIUM,94.0,240.0,240Pu,6550.0,Y,pu240
70,PLUTONIUM,94.0,241.0,241Pu,14.4,Y,pu241
71,AMERICIUM,95.0,240.0,240Am,50.8,H,am240
72,AMERICIUM,95.0,241.0,241Am,433.0,Y,am241
73,CURIUM,96.0,242.0,242Cm,162.9,D,cm242
74,CURIUM,96.0,243.0,243Cm,28.5,Y,cm243
75,CURIUM,96.0,244.0,244Cm,18.11,Y,cm244
76,CAESIUM COMB,55.0,134.0,"134,137Cs",0.0,-,cs134_137_tot
77,PLUTONIUM COMB,94.0,239.0,"239,240Pu",0.0,-,pu239_240_tot
78,PLUTONIUM MIX,94.0,239.0,"239,240Pu III,IV",0.0,-,pu239_240_iii_iv_tot
79,PLUTONIUM MIX,94.0,239.0,"239,240Pu V,VI",0.0,-,pu239_240_v_vi_tot
80,CURIUM COMB,96.0,243.0,"243,244Cm",0.0,-,cm243_244_tot
81,PLUTONIUM RATIO,94.0,238.0,"238Pu/239,240Pu",0.0,-,pu238_pu239_240_tot_ratio
82,"AMERI, PLUTO RATIO",95.0,241.0,"241Am/239,240Pu",0.0,-,am241_pu239_240_tot_ratio
83,137Cs/134Cs,55.0,137.0,137Cs/134Cs,0.0,-,cs137_134_ratio
84,CADMIUM,48.0,109.0,109Cd,462.6,D,cd109
85,EUROPIUM,63.0,152.0,152Eu,13.537,Y,eu152
86,IRON,26.0,59.0,59Fe,44.503,D,fe59
87,GADOLINIUM,64.0,153.0,153Gd,240.4,D,gd153
88,IRIDIUM,77.0,192.0,192Ir,73.831,D,ir192
89,PLUTONIUM,94.0,238.0,"238,240Pu",0.0,-,pu238_240_tot
90,RUBIDIUM,37.0,86.0,86Rb,18.631,D,rb86
91,SCANDIUM,21.0,46.0,46Sc,83.79,D,sc46
92,TIN,50.0,113.0,113Sn,115.09,D,sn113
93,TIN,50.0,117.0,117mSn,13.6,D,sn117m
94,THALLIUM,81.0,208.0,208Tl,3.053,M,tl208
95,MOLYBDENUM,42.0,99.0,99Mo,0.0,-,mo99
96,TECHNETIUM,43.0,99.0,99mTc,0.0,-,tc99m
97,RUTHENIUM,44.0,105.0,105Ru,0.0,-,ru105
98,TELLERIUM,52.0,129.0,129Te,0.0,-,te129
99,TELLERIUM,52.0,132.0,132Te,0.0,-,te132
100,IODINE,53.0,132.0,132I,0.0,-,i132
101,IODINE,53.0,135.0,135I,0.0,-,i135
102,CAESIUM,55.0,136.0,136Cs,0.0,-,cs136
103,Total beta,0.0,999.0,T-BETA,0.0,-,tbeta
104,Total alpha,0.0,999.0,T-ALPHA,0.0,-,talpha
105,IODINE,53.0,133.0,133I,0.0,-,i133
106,THORIUM,90.0,230.0,230Th,0.0,-,th230
107,PROTACTINIUM,91.0,231.0,231Pa,0.0,-,pa231
108,URANIUM,92.0,236.0,236U,0.0,-,u236
109,SILVER,47.0,111.0,111Ag,0.0,-,ag111
110,INDIUM,49.0,116.0,116mIn,0.0,-,in116m
111,TELLURIUM,52.0,123.0,123mTe,0.0,-,te123m
112,ANTIMONY,51.0,127.0,127Sb,0.0,-,sb127
113,BARIUM,56.0,133.0,133Ba,0.0,-,ba133
114,CERIUM,58.0,139.0,139Ce,0.0,-,ce139
116,THALLIUM,81.0,201.0,201Tl,0.0,-,tl201
117,MERCURY,80.0,203.0,203Hg,0.0,-,hg203
122,SODIUM,11.0,22.0,22Na,0.0,-,na22
123,PROTACTINIUM,91.0,234.0,234mPa,0.0,-,pa234m
124,AMERICIUM,95.0,243.0,243Am,0.0,-,am243
126,SELENIUM,34.0,75.0,75Se,0.0,-,se75
127,STRONTIUM,38.0,85.0,85Sr,0.0,-,sr85
128,YTRIUM,39.0,88.0,88Y,0.0,-,y88
129,CERIUM,58.0,140.0,140Ce,0.0,-,ce140
130,BISMUTH,83.0,212.0,212Bi,0.0,-,bi212
131,236U/238U,92.0,236.0,236U/238U,0.0,-,u236_238_ratio
132,IODINE,53.0,125.0,125I,0.0,-,i125
133,BARIUM,56.0,137.0,137mBa,0.0,-,ba137m
134,URANIUM,92.0,232.0,232U,0.0,-,u232
135,PROTACTINIUM,91.0,233.0,233Pa,0.0,-,pa233
136,"RUTHENIUM, RHODIUM",44.0,106.0,"106Ru,106Rh",0.0,-,ru106_rh106_tot
137,Total uranium,92.0,232.0,T-U,0.0,-,tu
138,Total beta -40K,0.0,999.0,T-BETA-40K,0.0,-,tbeta40k
139,IRON,26.0,55.0,55Fe,2.737,Y,fe55
140,"CERIUM, PRASEODYMIUM",58.0,144.0,"144Ce, 144Pr",0.0,-,ce144_pr144_tot
141,PLUTONIUM RATIO,94.0,240.0,240Pu/239Pu,0.0,-,pu240_pu239_ratio
142,URANIUM,92.0,233.0,U-233,5021000000000.0,S,u233
143,PLUTONIUM COMB,94.0,239.0,"Pu-239,242",0.0,-,pu239_242_tot
144,ACTINIIUM,89.0,227.0,Ac-227,21.772,Y,ac227
